SA2,Cosine similarity
Abbotsford,0.999713712287145
Airport West,0.999394240000314
Albert Park,0.999708209138379
Alphington - Fairfield,0.99969586609955
Altona,0.999134950893832
Altona Meadows,0.998691874268241
Altona North,0.999735635885918
Ardeer - Albion,0.999130584590403
Armadale,0.999580963430785
Ascot Vale,0.99947256076525
Ashburton (Vic.),0.999378928485958
Ashwood - Chadstone,0.998889370377941
Aspendale Gardens - Waterways,0.999610093495641
Bacchus Marsh,0.999223398314444
Balwyn,0.9989569007946
Balwyn North,0.999435157358373
Bayswater,0.998919202235234
Bayswater North,0.999057631466643
Beaconsfield - Officer,0.999667713602644
Beaumaris,0.999420642358594
Belgrave - Selby,0.998726715513452
Bentleigh - McKinnon,0.998879087258663
Bentleigh East (North),0.999171599578598
Bentleigh East (South),0.999474145292945
Berwick - North,0.999313347648297
Berwick - South,0.999761755074751
Blackburn,0.998994669965865
Blackburn South,0.999323379467406
Boronia,0.998778091078316
Box Hill,0.99896542871539
Box Hill North,0.999010106233655
Braeside,0.874573066576194
Braybrook,0.998195566740477
Brighton (Vic.),0.999134330976781
Brighton East,0.999421722264285
Broadmeadows,0.999197362979143
Brunswick,0.999801343783665
Brunswick East,0.999647318429416
Brunswick West,0.999537293652918
Bulleen,0.998937015265021
Bundoora - East,0.999182498161141
Bundoora - North,0.99873199785131
Bundoora - West,0.999111692252343
Bunyip - Garfield,0.999366690267324
Burnside,0.999463512993007
Burnside Heights,0.999807852864595
Burwood,0.998734796735264
Burwood East,0.998296732691322
Cairnlea,0.999677228458394
Camberwell,0.999175520294366
Campbellfield - Coolaroo,0.999892201129843
Carlton,0.999961876970593
Carlton North - Princes Hill,0.999665428515972
Carnegie,0.999360513923616
Caroline Springs,0.999899202730633
Carrum - Patterson Lakes,0.999362211215134
Carrum Downs,0.998994485142216
Caulfield - North,0.999609619078955
Caulfield - South,0.999334685992703
Chelsea - Bonbeach,0.999162440504996
Chelsea Heights,0.998649908820963
Cheltenham - Highett (East),0.99924284876763
Cheltenham - Highett (West),0.999809473157689
Chirnside Park,0.998530293602349
Clarinda - Oakleigh South,0.999199286803905
Clayton,0.998960548472232
Clayton South,0.998183904251869
Coburg,0.999312249382517
Coburg North,0.999245564027177
Collingwood,0.999881947553392
Craigieburn - Central,0.999234035058244
Craigieburn - North,0.999824561274047
Craigieburn - South,0.999734811355016
Craigieburn - West,0.999769042568112
Cranbourne,0.998799886497215
Cranbourne East,0.999720452192898
Cranbourne North,0.999653511189487
Cranbourne South,0.999235434850934
Cranbourne West,0.999731614077047
Croydon - East,0.99901691253826
Croydon - West,0.999166403332221
Croydon Hills - Warranwood,0.999399277489646
Croydon South,0.999526783652724
Dandenong,0.998953889805692
Dandenong North,0.999167415690969
Deer Park - Derrimut,0.999456885873927
Delahey,0.998564685198567
Dingley Village,0.999531232746797
Docklands,0.999943901297087
Doncaster,0.998434429121602
Doncaster East (North),0.999601724298764
Doncaster East (South),0.999131237195125
Donvale - Park Orchards,0.999397924928893
Doreen,0.99974471021883
Doveton,0.999610512189076
Dromana,0.99901566156854
East Melbourne,0.999457775645836
Edithvale - Aspendale,0.999476692247694
Elsternwick,0.999473840541868
Eltham,0.999483857286682
Elwood,0.999567541743788
Emerald - Cockatoo,0.999244254475398
Endeavour Hills - North,0.999434361139705
Endeavour Hills - South,0.999538621262463
Epping - East,0.9995647971039
Epping - South,0.999536479024449
Epping - West,0.999859500617353
Essendon - Aberfeldie,0.999637730704832
Fawkner,0.999650304345457
Ferntree Gully (North),0.999135498288409
Ferntree Gully (South) - Upper Ferntree Gully,0.998777564054252
Fitzroy,0.999065679233417
Fitzroy North,0.999571660521122
Flemington,0.999425697283782
Flemington Racecourse,0.956307813093025
Flinders,0.998208713378443
Footscray,0.999378075080811
Forest Hill,0.998825920001351
Frankston,0.997780388612148
Frankston North,0.998146121949447
Frankston South,0.999521006793943
Gisborne,0.99965121505925
Gladstone Park - Westmeadows,0.999577842743521
Glen Iris - East,0.999490402922559
Glen Waverley - East,0.999021848845026
Glen Waverley - West,0.998359246732042
Glenroy,0.998555214783795
Gowanbrae,0.999796425861757
Greensborough,0.99956052283568
Greenvale - Bulla,0.999865738582022
Hadfield,0.999707988294938
Hallam,0.99988207614709
Hampton,0.999453300952044
Hampton Park - Lynbrook,0.999613380595722
Hastings - Somers,0.998983714966138
Hawthorn,0.999689930866075
Hawthorn East,0.999403478192158
Healesville - Yarra Glen,0.999344731790624
Heidelberg - Rosanna,0.99931808293486
Heidelberg West,0.999106092727115
Hillside,0.999686789520169
Hoppers Crossing - North,0.999581426831081
Hoppers Crossing - South,0.999414171446772
Hughesdale,0.999333348218919
Hurstbridge,0.998732521886311
Ivanhoe,0.999286917600527
Ivanhoe East - Eaglemont,0.998920863978779
Keilor,0.999431331978689
Keilor Downs,0.999328736641596
Keilor East,0.999248331386529
Kensington (Vic.),0.999864811932556
Kew,0.999174186601686
Kew East,0.99944889693056
Keysborough,0.999429378806481
Kilsyth,0.999670097958002
Kinglake,0.999252514651049
Kings Park (Vic.),0.999288910303227
Kingsbury,0.998765240377795
Knoxfield - Scoresby,0.999200142422198
Koo Wee Rup,0.999317283088574
Lalor,0.999161413629537
Langwarrin,0.999011414636954
Laverton,0.998970100008991
Lilydale - Coldstream,0.999287408474327
Lynbrook - Lyndhurst,0.999897288181505
Lysterfield,0.999534103683957
Macedon,0.999523588004473
Malvern - Glen Iris,0.999329497351884
Malvern East,0.99934925260386
Maribyrnong,0.998133547932282
Meadow Heights,0.999792755931089
Melbourne,0.999998288761154
Melbourne Airport,0.890696405122276
Melton,0.999090435278175
Melton South,0.999575629930932
Melton West,0.999558929264652
Mentone,0.999227792102742
Mernda,0.999635691412289
Mickleham - Yuroke,0.999249697450609
Mill Park - North,0.999549953143705
Mill Park - South,0.999410009022173
Mitcham (Vic.),0.999420610724602
Monbulk - Silvan,0.998409654529086
Montmorency - Briar Hill,0.999576478740702
Montrose,0.999539969199664
Moonee Ponds,0.999483689721113
Moorabbin - Heatherton,0.998995869863226
Mooroolbark,0.999248584418233
Mordialloc - Parkdale,0.999421560271189
Mornington,0.9991005691482
Mount Dandenong - Olinda,0.999190549722959
Mount Eliza,0.999301399927785
Mount Evelyn,0.999440031839675
Mount Martha,0.999258609147112
Mount Waverley - North,0.999360065215253
Mount Waverley - South,0.999086039508874
Mulgrave,0.999224075527169
Murrumbeena,0.999549453553792
Narre Warren - North East,0.999526747086863
Narre Warren - South West,0.999524970989761
Narre Warren North,0.999826352503541
Narre Warren South (East),0.999776972299287
Narre Warren South (West),0.999775021302673
Newport,0.999457643357678
Niddrie - Essendon West,0.999263640641443
Noble Park - East,0.99849903411804
Noble Park - West,0.997963293139972
Noble Park North,0.999499742498438
North Melbourne,0.999882019433559
Northcote,0.999545848717215
Nunawading,0.999391851915561
Oakleigh - Huntingdale,0.999073732452594
Ormond - Glen Huntly,0.999233959910412
Pakenham - North,0.999345093728516
Pakenham - South,0.999599029893881
Panton Hill - St Andrews,0.998741228205789
Parkville,0.999715498221101
Pascoe Vale,0.999355940526764
Pascoe Vale South,0.999635861283389
Pearcedale - Tooradin,0.999143447029803
Plenty - Yarrambat,0.999795849822697
Point Cook - East,0.999584807410618
Point Cook - North,0.999687067213968
Point Cook - South,0.999828207691838
Point Nepean,0.998718168865266
Port Melbourne,0.999132293502937
Port Melbourne Industrial,0.597614304667197
Prahran - Windsor,0.999550798173848
Preston - East,0.998506817146232
Preston - West,0.998842863893202
Research - North Warrandyte,0.99950991644741
Reservoir - East,0.998713793795989
Reservoir - West,0.999025428860869
Richmond (Vic.),0.999741216334855
Riddells Creek,0.999385454694169
Ringwood,0.99926740781856
Ringwood East,0.999337763113038
Ringwood North,0.99937872003579
Rockbank - Mount Cottrell,0.99971277626727
Romsey,0.999591558089857
Rosebud - McCrae,0.998674725307249
Rowville - Central,0.999350174038617
Rowville - North,0.999638595630324
Rowville - South,0.999477407356686
Roxburgh Park - Somerton,0.999958525731614
Sandringham - Black Rock,0.99933874457744
Seabrook,0.999539289489587
Seaford (Vic.),0.998846867856863
Seddon - Kingsville,0.999530169654294
Skye - Sandhurst,0.99955111815812
Somerville,0.998969746923241
South Melbourne,0.999611945244909
South Morang (North),0.999644261853058
South Morang (South),0.998816976779743
South Yarra - East,0.999846936573545
South Yarra - West,0.999869561165574
Southbank,0.999959267489003
Springvale,0.997199054036393
Springvale South,0.998945592652069
St Albans - North,0.998640792062776
St Albans - South,0.998352069974512
St Kilda,0.99988866880006
St Kilda East,0.999934789144082
Strathmore,0.999531721623645
Sunbury,0.999514211202548
Sunbury - South,0.999150236300113
Sunshine,0.998536394295488
Sunshine North,0.997983416709534
Sunshine West,0.998784313412695
Surrey Hills (East) - Mont Albert,0.999438665557938
Surrey Hills (West) - Canterbury,0.999258279609388
Sydenham,0.998486267570713
Tarneit,0.999745370240262
Taylors Hill,0.999901220639702
Taylors Lakes,0.999650516755771
Templestowe,0.999344324532634
Templestowe Lower,0.999376253687957
The Basin,0.999385705369998
Thomastown,0.999138320996644
Thornbury,0.999383259711887
Toorak,0.998430807296858
Truganina,0.999631925372293
Tullamarine,0.999853611443642
Upwey - Tecoma,0.998796009728317
Vermont,0.99958552667745
Vermont South,0.999035878267563
Viewbank - Yallambie,0.999141125582306
Wallan,0.999148124464206
Wandin - Seville,0.999061605009656
Wantirna,0.999128552749087
Wantirna South,0.999106007188898
Warrandyte - Wonga Park,0.999389378688321
Watsonia,0.99964624642549
Wattle Glen - Diamond Creek,0.999615840820946
Werribee - East,0.998674311556111
Werribee - South,0.999328917017679
Werribee - West,0.999336799565005
West Footscray - Tottenham,0.999461550999361
Wheelers Hill,0.999415639789322
Whittlesea,0.999505920805304
Williamstown,0.999719266266317
Wollert,0.999802610886801
Wyndham Vale,0.999591393228446
Yarra - North,0.999596571115227
Yarra Valley,0.998836463286683
Yarraville,0.999609809412384
