SA2,KLD
Abbotsford,8.04413471829837e-06
Airport West,4.24644267695323e-05
Albert Park,0.000137828561304681
Alphington - Fairfield,2.7967261458974e-05
Altona,0.000128304561287988
Altona Meadows,0.000264262564425934
Altona North,1.46751211089789e-05
Ardeer - Albion,3.55382628962899e-06
Armadale,3.4717556435286e-05
Ascot Vale,0.000173429215467103
Ashburton (Vic.),6.03027692707817e-05
Ashwood - Chadstone,5.55959343543248e-05
Aspendale Gardens - Waterways,5.10093023378834e-05
Bacchus Marsh,0.000117045429798503
Balwyn,0.000149657043067412
Balwyn North,8.77381358568109e-05
Bayswater,6.33745513394762e-05
Bayswater North,0.000138879699606534
Beaconsfield - Officer,3.84763631710958e-05
Beaumaris,0.000110959955183756
Belgrave - Selby,0.000311290023276957
Bentleigh East,9.34419264133266e-05
Bentleigh - McKinnon,9.02331585004847e-05
Berwick - North,0.000122336307190411
Berwick - South,2.9507961426172e-05
Blackburn,3.74219422847213e-05
Blackburn South,8.40865076840541e-05
Boronia - The Basin,0.000104292669469682
Box Hill,1.87368819555803e-05
Box Hill North,7.05212296655523e-05
Braeside,6.76390936187677
Braybrook,1.99878077616236e-05
Brighton East,0.000164556620949833
Brighton (Vic.),0.000328348581409114
Broadmeadows,7.78829917578017e-06
Brunswick,2.62589938374394e-05
Brunswick East,8.96187729779397e-06
Brunswick West,4.19059568905233e-05
Bulleen,8.46116399659463e-05
Bundoora - East,4.41347245927542e-05
Bundoora - North,4.02997923694921e-05
Bundoora - West,8.2227843543357e-05
Bunyip - Garfield,6.53308434815746e-06
Burwood,7.15078367923032e-06
Burwood East,3.5192620798906e-05
Cairnlea,3.93778454756276e-05
Camberwell,0.000169283228266331
Campbellfield - Coolaroo,4.44956891587343e-06
Carlton,1.03892476904371e-06
Carlton North - Princes Hill,7.57676936249125e-06
Carnegie,7.45737211723677e-06
Caroline Springs,1.50375883271676e-05
Carrum Downs,8.30379543856058e-05
Carrum - Patterson Lakes,0.000119839196679919
Caulfield - North,8.28988935877175e-05
Caulfield - South,0.000103190022164245
Chelsea - Bonbeach,0.000121018095172681
Chelsea Heights,0.000195596617389131
Cheltenham - Highett (East),6.34582172957585e-05
Cheltenham - Highett (West),0.000136028990415975
Chirnside Park,0.000194010153499572
Clarinda - Oakleigh South,5.79327604031535e-05
Clayton,2.91839854028433e-05
Clayton South,2.85823939484492e-05
Coburg,6.04829490809905e-05
Coburg North,2.12000790043556e-05
Collingwood,5.70603527390423e-06
Craigieburn - Mickleham,3.65647413859851e-05
Cranbourne,0.000107989824886366
Cranbourne East,4.30839426587771e-05
Cranbourne North,3.70101194208658e-06
Cranbourne South,9.87089530878737e-05
Cranbourne West,4.33099344102761e-05
Croydon,0.000162402421369268
Croydon Hills - Warranwood,0.000182285936023048
Dandenong,1.22385680981207e-06
Dandenong North,5.55521083622227e-05
Deer Park - Derrimut,2.64466863908555e-05
Delahey,0.000109460295643675
Dingley Village,0.000116773565458066
Docklands,1.81351480926319e-05
Doncaster,0.000107181761573044
Doncaster East,0.000109672560054106
Donvale - Park Orchards,0.000184456109938364
Doveton,7.1578663804084e-05
Dromana,0.000317550519824463
East Melbourne,1.44570313180741e-05
Edithvale - Aspendale,0.000123008067903695
Elsternwick,8.13952125348669e-05
Eltham,0.000258584604147779
Elwood,8.81044748708527e-05
Emerald - Cockatoo,0.000206122160396936
Endeavour Hills,0.000122996110481824
Epping,6.85471059865244e-05
Essendon - Aberfeldie,0.000167926319506953
Fawkner,7.45051415551582e-06
Ferntree Gully,0.000141896424291165
Fitzroy,1.91382367295139e-06
Fitzroy North,6.96493338337943e-07
Flemington,3.2478445678679e-05
Flemington Racecourse,0.00431595756273934
Flinders,0.000198320646790733
Footscray,3.0552854954047e-06
Forest Hill,1.18053417731523e-05
Frankston,0.00018119929523071
Frankston North,0.000256149625697102
Frankston South,0.000180114502420051
Gisborne,0.000335601033129664
Gladstone Park - Westmeadows,0.000136656212869534
Glen Iris - East,0.000114816746272144
Glenroy - Hadfield,7.7905052766407e-05
Glen Waverley - East,1.96808098179549e-05
Glen Waverley - West,4.7527397982273e-05
Greensborough,0.000126351068877001
Greenvale - Bulla,3.32631978512762e-05
Hallam,8.73241379915073e-06
Hampton,0.000163436738651722
Hampton Park - Lynbrook,2.24865038761639e-05
Hastings - Somers,0.000220856699180363
Hawthorn,0.000122142204259957
Hawthorn East,0.000101229508194257
Healesville - Yarra Glen,0.000340490351515943
Heidelberg - Rosanna,8.901774415808e-05
Heidelberg West,9.87464943319077e-05
Hillside,5.3659759721006e-05
Hoppers Crossing - North,9.47300909274471e-05
Hoppers Crossing - South,5.11793223605902e-05
Hughesdale,5.64612510565216e-05
Hurstbridge,0.00044498189062875
Ivanhoe,4.06861259841982e-05
Ivanhoe East - Eaglemont,0.000143159279193277
Keilor,0.000107506131712228
Keilor Downs,9.04673489426334e-05
Keilor East,4.43322437957969e-05
Kensington,0.000108664849476223
Kew,0.000147563739061972
Kew East,6.66411491863745e-05
Keysborough,1.96376502418374e-05
Kilsyth,0.000132070050392144
Kinglake,0.000559131252026244
Kingsbury,4.66022319991982e-06
Kings Park (Vic.),3.25956702075283e-05
Knoxfield - Scoresby,4.05948588524527e-05
Koo Wee Rup,2.64861512709748e-05
Lalor,3.33054657719253e-05
Langwarrin,0.000223493088000728
Laverton,2.8833930278269e-05
Lilydale - Coldstream,0.000126292017737349
Lynbrook - Lyndhurst,1.55284099684775e-05
Lysterfield,5.4599336484288e-05
Macedon,0.000994743417151668
Malvern East,0.000198253486509927
Malvern - Glen Iris,0.000132647987662413
Maribyrnong,4.90037513071344e-05
Meadow Heights,2.08641937091366e-05
Melbourne,3.65769916777774e-06
Melbourne Airport,0.905637309132591
Melton,0.000150223193971405
Melton South,0.000149809474970971
Melton West,4.52220907058027e-05
Mentone,3.73382805742763e-05
Mill Park - North,9.90219472675788e-05
Mill Park - South,0.000105150162431489
Mitcham (Vic.),4.08257461147915e-05
Monbulk - Silvan,0.000548505641596503
Montmorency - Briar Hill,0.000216249685961671
Montrose,0.000128114299305068
Moonee Ponds,8.53785364152077e-05
Moorabbin - Heatherton,0.000101088907091565
Mooroolbark,0.000146054051946202
Mordialloc - Parkdale,9.75955226708888e-05
Mornington,0.000179831989117512
Mount Dandenong - Olinda,0.000248419031483466
Mount Eliza,0.000167335979345518
Mount Evelyn,0.000232093678414864
Mount Martha,0.000165015174022367
Mount Waverley - North,3.9904591852065e-05
Mount Waverley - South,5.32990851921065e-05
Mulgrave,0.000130208341161863
Murrumbeena,2.20660543096702e-05
Narre Warren,3.03728193728758e-05
Narre Warren North,2.40821883614599e-05
Narre Warren South,2.04011601635234e-05
Newport,0.000134136345824583
Niddrie - Essendon West,1.04063741304538e-05
Noble Park,1.83291597337808e-05
Noble Park North,6.88601492335073e-06
Northcote,6.79409425078495e-05
North Melbourne,5.51138227794106e-06
Nunawading,6.45979205012324e-05
Oakleigh - Huntingdale,2.07371398337423e-05
Ormond - Glen Huntly,1.83202806829376e-05
Pakenham - North,7.95238086103697e-05
Pakenham - South,4.84443138359081e-05
Panton Hill - St Andrews,0.000641162143834803
Parkville,0.000105284089881057
Pascoe Vale,2.00657039833673e-05
Pascoe Vale South,0.000114025294610065
Pearcedale - Tooradin,0.000189553248978016
Plenty - Yarrambat,7.14305765427242e-05
Point Cook,1.41858523234442e-05
Point Nepean,0.000172095938230396
Port Melbourne,0.000125950862332182
Port Melbourne Industrial,1.94589578213716
Prahran - Windsor,0.000130069346935462
Preston,0.000140135356638076
Research - North Warrandyte,0.000119932841588234
Reservoir - East,2.0511564311523e-05
Reservoir - West,1.36580775546179e-05
Richmond (Vic.),3.46049540207024e-05
Riddells Creek,0.000400736119855799
Ringwood,5.73489853668852e-05
Ringwood East,4.57560688248106e-05
Ringwood North,0.000302361905829769
Rockbank - Mount Cottrell,0.000132066169697832
Romsey,2.73805025217454e-05
Rosebud - McCrae,0.000123817306669964
Rowville - Central,0.000164713385419143
Rowville - North,4.48362401227596e-05
Rowville - South,8.74591823919992e-05
Roxburgh Park - Somerton,7.53982265968316e-05
Sandringham - Black Rock,0.000228841559423996
Seabrook,3.73054882408137e-05
Seaford (Vic.),8.84928007536405e-05
Seddon - Kingsville,1.80494552929576e-05
Skye - Sandhurst,0.00014765106917613
Somerville,0.000180627303024529
Southbank,7.54617492344813e-06
South Melbourne,8.75907078678933e-05
South Morang,4.50793753398837e-05
South Yarra - East,0.000112126181550874
South Yarra - West,0.000126154417460159
Springvale,1.87191956273374e-05
Springvale South,1.91063106436892e-05
St Albans - North,7.5127514639472e-06
St Albans - South,6.54370534149464e-05
St Kilda,0.00010089250205459
St Kilda East,4.07385962256443e-05
Strathmore,0.000150283048259037
Sunbury,6.30592350924489e-05
Sunbury - South,6.62769148772582e-05
Sunshine,3.67311028868288e-05
Sunshine North,9.0593146005531e-06
Sunshine West,9.99605118911639e-05
Surrey Hills (East) - Mont Albert,5.7430919090449e-05
Surrey Hills (West) - Canterbury,9.33226030870516e-05
Sydenham,1.63201661926862e-05
Tarneit,5.89519390673022e-05
Taylors Hill,2.10941042370782e-05
Taylors Lakes,2.828417652788e-05
Templestowe,0.000119112544824631
Templestowe Lower,0.000120612961176573
Thomastown,3.67891803669236e-05
Thornbury,7.32524979743921e-05
Toorak,0.000413281717464974
Truganina,6.25830957427173e-06
Tullamarine,5.87901816566132e-05
Upwey - Tecoma,0.000331546644596662
Vermont,4.94741519106693e-05
Vermont South,0.000111891345806903
Viewbank - Yallambie,0.000172410703690251
Wallan,0.000161763344788663
Wandin - Seville,3.2888292761173e-05
Wantirna,0.000245317397045431
Wantirna South,0.000161630118479356
Warrandyte - Wonga Park,0.00022459203673408
Watsonia,0.00020563881467503
Wattle Glen - Diamond Creek,0.000141756164642318
Werribee,9.16548434525946e-05
Werribee - South,0.000195634030588412
West Footscray - Tottenham,1.38291336080551e-05
Wheelers Hill,0.00026755417607635
Whittlesea,0.000150931283759947
Williamstown,9.55947817928517e-05
Wyndham Vale,5.314893267282e-05
Yarra - North,0.00010946297893069
Yarra Valley,0.00023335985859531
Yarraville,0.000127660100014336
